id,Säsong,Totalpoäng,Spelade minuter,Gjorda mål,Assists,Hållna nollor,Insläppta mål,Räddade straffar,Missade straffar,Gula kort,Röda kort,Räddningar,Självmål,Offensiva bonuspoäng,Defensiva bonuspoäng
0,2021,192,2700,5,13,13,30,0,2,2,0,0,0,39,22
1,2021,167,2597,12,5,8,38,0,0,1,0,0,0,21,5
2,2021,166,2399,5,6,12,25,0,0,2,0,0,0,9,15
3,2021,161,2593,1,5,11,25,0,0,4,0,0,0,17,32
4,2021,153,2545,14,5,6,49,0,0,2,1,0,0,15,1
5,2021,151,2598,7,7,10,37,0,2,1,0,0,0,16,16
6,2021,149,2495,2,3,14,24,0,0,5,0,0,0,9,18
7,2021,147,2501,11,5,8,38,0,0,1,0,0,0,8,6
8,2021,146,2594,2,1,12,24,0,0,5,0,0,0,0,37
9,2021,142,2174,3,5,11,25,0,0,4,0,0,1,21,9
10,2021,136,1955,9,5,8,21,0,0,2,0,0,0,15,9
11,2021,136,2209,3,7,11,17,0,0,12,0,0,0,34,18
12,2021,135,2233,4,0,11,24,0,0,3,0,0,0,0,26
13,2021,135,2358,3,1,12,18,0,0,5,0,0,0,2,20
14,2021,135,2216,12,3,11,19,0,0,0,1,0,0,8,9
15,2021,133,2520,0,3,13,26,0,0,3,0,0,0,10,16
16,2021,129,2478,3,6,5,39,0,0,2,0,0,1,7,27
17,2021,128,2536,12,3,8,48,0,0,2,0,0,0,1,0
18,2021,127,2281,0,2,11,28,0,0,4,1,0,0,9,34
19,2021,125,2238,0,0,10,31,2,0,2,1,69,0,0,26
20,2021,125,2584,3,2,5,43,0,0,4,0,0,0,8,33
21,2021,124,2700,0,0,5,41,1,0,0,0,85,0,0,34
22,2021,123,1478,6,10,1,18,0,0,4,0,0,0,21,10
23,2021,122,2079,8,3,13,23,0,0,1,0,0,0,4,6
24,2021,122,2233,11,3,5,36,0,0,2,0,0,0,7,1
25,2021,122,2045,5,0,8,25,0,0,4,0,0,0,0,22
26,2021,121,2379,0,2,9,22,0,0,5,0,0,0,7,26
27,2021,121,2591,1,3,10,37,0,0,2,0,0,0,8,14
28,2021,121,2046,3,1,10,25,0,0,3,0,0,0,1,25
29,2021,121,2412,0,2,12,20,0,0,3,0,0,0,5,16
30,2021,119,2529,0,6,10,34,0,0,2,0,0,0,6,10
31,2021,119,2564,4,1,9,36,0,0,4,0,0,0,3,30
32,2021,119,2665,1,1,9,38,0,0,2,0,0,0,1,27
33,2021,118,1950,9,7,6,31,0,0,6,0,0,0,11,0
34,2021,118,1890,5,6,9,24,0,0,5,0,0,0,15,7
35,2021,117,2009,5,5,6,25,0,0,3,0,0,0,16,10
36,2021,116,2542,1,4,7,40,0,0,5,0,0,0,5,27
37,2021,116,2086,8,7,11,24,0,1,7,0,0,0,10,3
38,2021,114,2620,1,0,10,38,0,0,2,0,0,0,0,25
39,2021,113,1859,0,5,8,22,0,0,6,0,0,0,12,23
40,2021,112,1969,2,7,5,31,0,0,2,0,0,0,26,4
41,2021,111,2310,1,7,6,36,0,0,5,0,0,0,19,7
42,2021,110,2430,2,2,6,44,0,0,5,0,0,0,1,38
43,2021,109,2626,0,4,5,38,0,0,2,0,0,0,11,23
44,2021,108,2540,0,3,7,45,0,0,5,0,0,0,2,33
45,2021,107,1815,10,0,9,18,0,0,2,0,0,0,1,2
46,2021,107,2276,9,2,11,22,0,0,3,0,0,1,3,5
47,2021,106,1628,0,6,8,18,0,0,4,0,0,1,10,16
48,2021,106,1858,8,3,6,37,0,0,1,0,0,0,3,0
49,2021,105,2610,3,1,9,25,0,0,5,0,0,0,7,18
50,2021,105,2637,1,1,12,25,0,0,2,0,0,0,5,22
51,2021,104,1590,10,4,6,25,0,0,3,0,0,0,6,3
52,2021,104,2506,0,1,9,33,0,0,3,0,0,0,1,19
53,2021,103,1565,6,4,8,14,0,0,5,0,0,0,12,5
54,2021,103,2347,1,3,11,29,0,0,9,0,0,0,3,31
55,2021,103,1461,1,1,12,9,0,0,2,0,0,0,0,18
56,2021,101,2297,4,2,6,43,0,0,8,0,0,0,8,16
57,2021,101,1866,4,4,6,35,0,0,4,0,0,0,12,6
58,2021,98,1665,0,0,10,14,0,0,1,0,45,0,0,18
59,2021,97,1491,6,4,8,19,0,0,4,0,0,0,6,7
60,2021,97,2116,6,2,6,37,0,0,7,0,0,0,6,6
61,2021,94,2375,1,6,4,42,0,0,8,0,0,0,5,17
62,2021,94,1880,3,4,8,23,0,0,1,0,0,0,3,9
63,2021,94,2354,0,3,5,46,0,0,6,0,0,0,9,24
64,2021,93,2506,0,1,8,36,0,0,2,0,0,0,9,18
65,2021,92,1956,1,3,5,32,0,1,5,0,0,0,18,14
66,2021,92,2185,3,0,12,23,0,0,5,0,0,0,1,17
67,2021,91,2477,1,2,6,45,0,0,4,1,0,0,1,24
68,2021,90,1646,1,3,6,18,0,0,2,1,0,0,8,12
69,2021,90,1623,1,1,9,17,0,0,1,1,0,0,0,18
70,2021,90,1710,0,1,7,23,0,0,1,0,45,0,0,21
71,2021,90,1884,1,0,7,26,0,0,2,0,0,0,0,21
72,2021,89,1853,1,2,5,30,0,0,3,0,0,0,9,13
73,2021,88,1890,0,0,5,32,0,0,3,0,62,0,0,25
74,2021,88,1584,4,2,4,32,0,0,3,0,0,0,4,10
75,2021,88,2279,6,0,7,23,0,0,0,0,0,0,5,1
76,2021,87,1630,2,2,6,24,0,0,2,0,0,2,1,21
77,2021,87,1508,2,5,6,21,0,0,3,0,0,0,10,9
78,2021,86,1957,0,0,11,21,0,0,8,1,0,0,0,15
79,2021,84,1530,0,0,4,23,0,0,0,0,62,0,0,24
80,2021,84,1810,1,6,6,39,0,0,1,0,0,0,7,2
81,2021,81,2122,0,1,10,24,0,0,7,1,0,0,4,25
82,2021,81,1908,1,2,4,28,0,0,4,0,0,0,2,19
83,2021,80,1479,1,2,7,20,0,0,2,0,0,0,3,5
84,2021,80,1338,2,3,6,18,0,0,1,0,0,0,4,9
85,2021,79,1494,4,3,2,31,0,0,3,0,0,0,10,7
86,2021,79,2215,0,1,15,17,0,0,8,0,0,0,2,15
87,2021,78,1482,1,1,6,17,0,0,3,0,0,1,2,17
88,2021,77,2007,0,0,4,27,0,0,7,0,0,0,0,27
89,2021,77,1195,6,3,4,17,0,0,2,0,0,0,2,0
90,2021,76,1104,6,1,6,12,0,0,3,0,0,0,6,5
91,2021,76,1571,2,0,5,25,0,0,6,0,0,0,0,25
92,2021,76,1440,0,0,6,14,0,0,2,0,47,0,0,15
93,2021,75,1409,0,3,5,27,0,0,2,0,0,0,7,15
94,2021,75,1844,2,1,4,30,0,0,5,0,0,0,3,16
95,2021,75,1402,2,3,6,21,0,0,1,0,0,0,6,12
96,2021,75,1579,1,3,8,13,0,0,2,0,0,0,13,4
97,2021,73,1395,0,0,3,26,1,0,3,0,69,0,0,19
98,2021,73,1816,1,0,4,28,0,0,2,0,0,0,0,21
99,2021,72,1561,3,1,5,28,0,0,0,0,0,0,8,4
100,2021,71,1312,3,3,1,22,0,0,1,0,0,0,6,4
101,2021,71,1643,3,2,7,26,0,0,6,0,0,0,2,4
102,2021,70,1297,1,1,5,15,0,0,1,0,0,0,0,12
103,2021,69,1529,2,2,5,17,0,0,6,0,0,0,4,10
104,2021,68,1296,1,2,11,9,0,0,1,0,0,0,9,6
105,2021,67,1523,2,4,12,16,0,0,3,0,0,0,5,0
106,2021,67,1595,0,2,10,15,0,0,6,0,0,0,4,8
107,2021,66,1957,0,0,6,36,0,0,5,0,0,0,0,11
108,2021,65,1594,0,2,6,20,0,1,5,0,0,0,15,2
109,2021,64,1561,2,2,2,27,0,0,3,0,0,0,2,10
110,2021,64,804,6,1,4,6,0,0,3,0,0,0,0,1
111,2021,63,987,3,3,5,10,0,0,1,0,0,0,5,0
112,2021,62,1656,3,1,2,39,0,0,11,0,0,0,1,12
113,2021,61,1014,4,2,6,12,0,0,0,0,0,0,1,0
114,2021,59,1890,0,0,4,36,0,0,2,0,0,0,0,15
115,2021,59,1653,0,1,2,32,0,0,5,2,0,0,2,25
116,2021,59,1688,0,0,8,22,0,0,6,2,0,0,2,18
117,2021,58,789,4,3,3,9,0,0,2,0,0,0,1,1
118,2021,58,1260,0,0,6,11,0,0,1,0,34,1,0,6
119,2021,57,933,1,0,5,10,0,0,3,0,0,0,0,12
120,2021,57,1420,2,1,4,29,0,0,2,0,0,0,0,4
121,2021,56,1534,0,2,2,29,0,0,2,0,0,0,7,6
122,2021,55,781,3,1,1,15,0,0,0,0,0,0,2,1
123,2021,55,805,1,1,5,12,0,0,2,0,0,0,2,6
124,2021,54,1196,1,2,5,17,0,0,2,0,0,0,4,4
125,2021,54,1707,0,0,4,32,0,0,6,0,0,1,0,18
126,2021,53,1416,1,0,6,16,0,0,8,0,0,0,1,8
127,2021,52,1661,0,0,6,27,0,0,2,0,0,0,0,10
128,2021,52,1328,0,1,4,25,0,0,1,0,0,0,1,8
129,2021,51,1267,0,2,3,23,0,0,2,0,0,0,2,12
130,2021,50,837,4,2,1,16,0,0,4,0,0,0,3,3
131,2021,50,1304,0,1,1,31,0,0,2,0,0,0,1,17
132,2021,49,1341,3,0,4,24,0,0,5,0,0,0,4,1
133,2021,48,835,0,0,5,5,0,0,0,0,17,0,0,8
134,2021,48,868,5,0,1,13,0,1,1,0,0,0,2,0
135,2021,48,1170,0,0,1,24,0,0,1,0,44,0,0,18
136,2021,47,683,4,0,0,11,0,0,2,0,0,0,1,2
137,2021,46,588,2,3,1,10,0,0,1,0,0,0,4,0
138,2021,46,1067,0,1,2,13,0,0,1,0,0,0,3,3
139,2021,46,796,1,4,3,10,0,0,2,0,0,0,8,0
140,2021,45,1145,1,1,3,18,0,0,5,0,0,0,1,11
141,2021,45,918,2,1,3,11,0,0,2,0,0,0,0,2
142,2021,44,975,0,2,3,11,0,0,1,0,0,0,0,6
143,2021,44,619,2,1,1,12,0,0,0,0,0,0,2,0
144,2021,44,900,0,0,2,13,0,0,0,0,36,0,0,12
145,2021,42,989,0,1,4,12,0,0,1,0,0,0,4,0
146,2021,42,599,3,3,0,11,0,0,3,0,0,0,2,1
147,2021,41,1039,1,1,1,16,0,0,2,0,0,0,3,8
148,2021,41,747,2,2,2,14,0,0,2,0,0,0,2,0
149,2021,41,812,0,0,3,14,0,0,0,0,0,0,0,14
150,2021,41,563,3,3,0,14,0,0,2,0,0,0,1,0
151,2021,41,776,2,2,4,10,0,0,0,0,0,0,2,0
152,2021,41,1445,0,1,2,27,0,0,8,0,0,0,0,8
153,2021,41,1014,0,2,3,12,0,0,6,0,0,0,5,9
154,2021,40,888,1,2,1,10,0,0,2,0,0,0,3,0
155,2021,39,939,0,2,5,10,0,0,2,0,0,0,2,0
156,2021,39,1469,0,0,3,25,0,0,7,0,0,0,0,7
157,2021,39,575,2,0,2,7,0,0,0,0,0,0,1,5
158,2021,38,1128,0,0,5,16,0,0,2,0,0,0,7,0
159,2021,38,920,1,0,2,19,0,0,8,0,0,0,0,7
160,2021,37,703,0,0,2,10,0,0,0,0,28,0,0,9
161,2021,37,682,1,1,0,16,0,0,1,0,0,0,2,4
162,2021,36,766,2,0,2,7,0,0,1,0,0,0,1,2
163,2021,36,813,0,3,4,10,0,0,1,0,0,0,3,0
164,2021,36,1119,0,0,2,11,0,0,7,0,0,0,1,7
165,2021,35,607,0,0,4,3,0,0,1,0,0,0,0,6
166,2021,35,905,0,0,3,15,0,0,1,1,0,0,1,5
167,2021,35,1033,0,1,2,21,0,0,1,0,0,1,0,6
168,2021,34,537,3,1,2,6,0,0,4,0,0,0,1,1
169,2021,34,732,1,0,2,17,0,0,2,0,0,0,0,4
170,2021,33,582,1,1,2,5,0,0,0,0,0,0,2,3
171,2021,33,810,0,0,1,20,0,0,1,0,34,0,0,11
172,2021,32,867,0,0,2,16,0,0,1,0,0,0,0,7
173,2021,30,581,0,0,4,5,0,0,4,0,0,0,4,10
174,2021,30,421,0,1,1,8,0,0,0,0,0,0,1,0
175,2021,29,450,0,0,3,4,0,0,0,0,14,0,0,5
176,2021,29,645,0,0,4,7,0,0,1,0,0,0,0,1
177,2021,29,724,2,1,1,16,0,0,3,0,0,0,1,0
178,2021,27,352,1,1,2,3,0,0,1,0,0,0,0,1
179,2021,27,466,1,1,2,5,0,0,3,0,0,0,0,0
180,2021,26,147,3,1,1,4,0,0,1,1,0,0,0,0
181,2021,26,625,1,0,1,14,0,0,0,0,0,0,0,0
182,2021,25,685,0,0,1,14,0,0,1,0,0,0,0,0
183,2021,25,553,0,0,2,7,0,0,0,0,0,0,0,5
184,2021,24,603,0,0,4,3,0,0,1,0,0,0,1,4
185,2021,24,1128,0,0,1,24,0,0,2,0,0,0,0,3
186,2021,23,597,0,1,2,11,0,0,0,0,0,0,0,1
187,2021,23,537,0,0,0,12,1,0,0,0,19,0,0,6
188,2021,23,360,0,0,2,4,0,0,0,0,11,0,0,6
189,2021,22,317,1,2,2,7,0,0,1,0,0,0,0,1
190,2021,20,271,2,0,1,5,0,0,0,0,0,0,0,0
191,2021,20,431,0,0,0,9,0,0,1,0,0,0,0,4
192,2021,18,510,0,1,0,8,0,0,0,0,0,0,3,0
193,2021,18,378,0,1,1,9,0,0,1,0,0,0,1,6
194,2021,17,293,0,0,1,2,0,0,0,0,0,0,0,1
195,2021,15,131,1,0,0,5,0,0,1,0,0,0,0,1
196,2021,14,353,1,0,0,9,0,0,1,0,0,0,0,3
197,2021,13,367,0,0,2,4,0,0,1,0,0,0,0,1
198,2021,12,114,0,1,1,0,0,0,0,0,0,0,1,0
199,2021,12,242,0,0,0,6,0,0,0,0,0,0,0,4
200,2021,12,222,0,0,1,3,0,0,1,0,0,0,0,2
201,2021,12,199,0,0,0,4,0,0,2,0,0,0,0,0
202,2021,12,359,0,0,3,3,0,0,1,0,0,0,0,0
203,2021,11,127,0,1,0,2,0,0,1,0,0,0,2,0
204,2021,11,180,0,0,1,1,0,0,0,0,6,0,0,2
205,2021,11,252,0,0,1,3,0,0,0,0,0,0,1,0
206,2021,11,186,0,0,1,3,0,0,0,0,0,0,0,0
207,2021,10,154,0,0,1,2,0,0,0,0,7,0,0,2
208,2021,10,103,0,1,0,1,0,0,0,0,0,0,0,0
209,2021,10,237,0,0,0,4,0,0,0,0,0,0,0,1
210,2021,10,101,1,0,0,2,0,0,1,0,0,0,1,0
211,2021,10,79,0,1,0,1,0,0,1,0,0,0,1,0
212,2021,10,84,1,0,0,0,0,0,0,0,0,0,0,0
213,2021,9,174,0,1,0,3,0,0,0,0,0,0,0,0
214,2021,9,68,0,0,0,3,0,0,1,0,0,0,0,0
215,2021,8,94,0,0,0,1,0,0,1,0,0,0,1,0
216,2021,8,201,0,0,0,4,0,0,1,0,0,0,0,1
217,2021,7,82,0,0,0,1,0,0,0,0,0,0,0,0
218,2021,7,202,0,0,0,4,0,0,0,0,0,0,0,1
219,2021,6,55,0,0,0,1,0,0,0,0,0,0,0,0
220,2021,6,146,0,0,1,3,0,0,1,0,0,0,0,1
221,2021,6,32,0,0,0,2,0,0,0,0,0,0,0,0
222,2021,6,32,0,0,0,1,0,0,0,0,0,0,1,0
223,2021,6,104,0,0,0,2,0,0,0,0,0,0,0,0
224,2021,6,84,0,0,0,1,0,0,0,0,0,0,0,0
225,2021,5,72,0,0,0,1,0,0,0,0,0,0,0,0
226,2021,5,81,0,0,0,3,0,0,1,0,0,0,0,0
227,2021,5,48,0,0,0,0,0,0,0,0,0,0,0,0
228,2021,4,14,0,0,0,0,0,0,0,0,0,0,0,0
229,2021,4,124,0,0,0,1,0,0,0,0,0,0,0,0
230,2021,4,141,0,0,0,3,0,0,0,0,0,0,0,0
231,2021,3,90,0,0,0,2,0,0,0,0,1,0,0,2
232,2021,3,131,0,0,0,7,0,0,0,0,0,0,0,0
233,2021,3,26,0,0,0,1,0,0,0,0,0,0,0,0
234,2021,3,24,0,0,0,1,0,0,0,0,0,0,0,0
235,2021,3,48,0,0,0,1,0,0,0,0,0,0,0,0
236,2021,2,18,0,0,0,1,0,0,0,0,0,0,0,0
237,2021,2,43,0,0,0,2,0,0,0,0,0,0,0,0
238,2021,2,12,0,0,0,0,0,0,0,0,0,0,0,0
239,2021,1,81,0,0,0,5,0,0,0,0,0,0,0,1
240,2021,1,1,0,0,0,0,0,0,0,0,0,0,0,0
241,2021,1,3,0,0,0,1,0,0,0,0,0,0,0,0
242,2021,1,1,0,0,0,0,0,0,0,0,0,0,0,0
243,2021,1,4,0,0,0,0,0,0,0,0,0,0,0,0
244,2021,1,20,0,0,0,0,0,0,0,0,0,0,0,0
245,2021,1,17,0,0,0,1,0,0,0,0,0,0,0,0
246,2021,1,7,0,0,0,0,0,0,0,0,0,0,0,0
247,2021,1,5,0,0,0,0,0,0,0,0,0,0,0,0
248,2021,1,10,0,0,0,1,0,0,0,0,0,0,0,0
249,2021,1,24,0,0,0,0,0,0,0,0,0,0,0,0
251,2018,24,720,0,1,1,14,0,0,2,0,0,0,0,0
252,2021,0,0,0,0,0,0,0,0,0,0,0,0,0,0
253,2021,0,0,0,0,0,0,0,0,0,0,0,0,0,0
254,2020,0,0,0,0,0,0,0,0,0,0,0,0,0,0
255,2020,1,12,0,0,0,3,0,0,0,0,0,0,0,0
257,2020,103,1719,13,4,7,18,0,2,1,1,0,0,3,1
259,2020,31,606,1,0,1,11,0,0,2,0,0,0,0,6
261,2021,2,23,0,0,0,0,0,0,0,0,0,0,0,0
263,2020,42,1126,0,0,3,18,0,0,3,0,0,1,0,11
267,2018,81,2430,1,4,3,50,0,1,4,0,0,0,0,0
269,2021,0,0,0,0,0,0,0,0,0,0,0,0,0,0
270,2021,0,0,0,0,0,0,0,0,0,0,0,0,0,0
272,2021,0,0,0,0,0,0,0,0,0,0,0,0,0,0
273,2020,49,995,2,0,3,19,0,0,2,0,0,0,0,10
275,2021,0,0,0,0,0,0,0,0,0,0,0,0,0,0
277,2021,0,0,0,0,0,0,0,0,0,0,0,0,0,0
280,2021,0,0,0,0,0,0,0,0,0,0,0,0,0,0
284,2021,0,0,0,0,0,0,0,0,0,0,0,0,0,0
288,2021,0,0,0,0,0,0,0,0,0,0,0,0,0,0
289,2021,0,0,0,0,0,0,0,0,0,0,0,0,0,0
292,2021,0,0,0,0,0,0,0,0,0,0,0,0,0,0
293,2021,0,0,0,0,0,0,0,0,0,0,0,0,0,0
295,2021,37,630,0,4,2,6,0,0,1,0,0,0,8,2
296,2019,9,31,0,1,0,0,0,0,0,0,0,0,0,0
297,2021,0,0,0,0,0,0,0,0,0,0,0,0,0,0
298,2021,0,0,0,0,0,0,0,0,0,0,0,0,0,0
300,2021,0,0,0,0,0,0,0,0,0,0,0,0,0,0
306,2019,93,2050,4,5,13,17,0,0,1,0,0,0,0,0
307,2021,0,0,0,0,0,0,0,0,0,0,0,0,0,0
308,2021,0,0,0,0,0,0,0,0,0,0,0,0,0,0
309,2021,0,0,0,0,0,0,0,0,0,0,0,0,0,0
310,2021,0,0,0,0,0,0,0,0,0,0,0,0,0,0
311,2021,28,810,0,1,1,14,0,0,2,0,0,0,4,5
313,2021,0,0,0,0,0,0,0,0,0,0,0,0,0,0
315,2018,16,360,0,0,1,5,0,0,0,0,11,0,0,0
316,2021,0,0,0,0,0,0,0,0,0,0,0,0,0,0
319,2021,0,0,0,0,0,0,0,0,0,0,0,0,0,0
321,2019,29,842,0,0,2,20,0,0,2,0,0,0,0,0
325,2020,0,0,0,0,0,0,0,0,0,0,0,0,0,0
326,2021,0,0,0,0,0,0,0,0,0,0,0,0,0,0
327,2021,0,12,0,0,0,0,0,0,1,0,0,0,0,0
335,2018,38,744,0,0,1,10,1,0,0,0,28,0,0,0
337,2018,0,0,0,0,0,0,0,0,0,0,0,0,0,0
338,2019,139,2430,0,0,14,20,0,0,2,0,65,0,0,0
339,2020,8,409,0,0,0,12,0,0,1,0,0,0,0,2
342,2019,48,1774,0,0,2,33,0,0,3,0,0,0,0,0
343,2019,14,412,0,1,1,11,0,0,2,0,0,0,0,0
344,2020,31,527,0,0,2,10,0,0,0,0,0,0,4,2
345,2019,0,0,0,0,0,0,0,0,0,0,0,0,0,0
349,2018,56,1297,1,2,1,24,0,0,1,0,0,0,0,0
351,2019,0,0,0,0,0,0,0,0,0,0,0,0,0,0
352,2019,1,10,0,0,0,0,0,0,0,0,0,0,0,0
355,2020,8,163,0,0,0,4,0,0,1,0,0,0,1,0
365,2020,0,0,0,0,0,0,0,0,0,0,0,0,0,0
366,2021,0,0,0,0,0,0,0,0,0,0,0,0,0,0
372,2018,25,609,0,1,1,13,0,0,0,0,0,0,0,0
383,2020,47,950,1,0,3,13,0,0,1,0,29,0,0,8
384,2020,44,1299,0,0,1,25,0,0,0,0,40,0,1,11
385,2020,3,90,0,0,0,4,0,0,0,0,6,0,0,1
386,2020,0,0,0,0,0,0,0,0,0,0,0,0,0,0
387,2020,47,1213,0,0,4,13,0,0,3,0,0,1,0,10
388,2020,16,378,0,0,1,7,0,0,0,0,0,0,0,4
390,2020,24,962,0,1,0,26,0,0,1,0,0,0,0,5
391,2019,30,855,0,0,1,15,0,0,1,0,0,0,0,0
392,2018,0,0,0,0,0,0,0,0,0,0,0,0,0,0
393,2020,4,92,0,0,0,4,0,0,0,0,0,0,0,1
395,2020,78,1670,2,2,5,24,0,0,6,0,0,0,8,14
396,2020,19,340,0,1,1,7,0,0,0,0,0,0,1,2
397,2020,31,657,1,0,1,8,0,0,2,0,0,0,1,0
401,2020,0,0,0,0,0,0,0,0,0,0,0,0,0,0
403,2020,54,1553,3,0,3,26,0,0,1,0,0,0,2,1
404,2019,54,1628,1,0,2,34,0,0,4,0,0,0,0,0
406,2021,61,1712,0,0,7,19,0,0,6,0,0,0,2,16
407,2020,108,2221,11,5,7,34,0,1,6,1,0,0,7,0
408,2020,20,269,1,1,0,7,0,0,1,0,0,0,2,0
409,2021,0,0,0,0,0,0,0,0,0,0,0,0,0,0
0,2020,45,911,3,1,3,14,0,1,3,0,0,0,3,3
1,2019,68,1648,1,4,2,29,0,0,2,0,0,0,0,0
2,2020,93,1760,0,7,5,22,0,0,5,0,0,0,10,10
3,2020,8,132,0,0,1,1,0,0,1,0,0,0,0,0
5,2020,134,2429,5,7,7,35,0,2,3,0,0,0,23,10
6,2020,46,945,0,1,4,12,0,0,2,0,0,0,3,10
7,2020,130,2012,9,12,2,36,0,0,3,0,0,0,10,2
8,2020,55,1070,0,0,6,9,0,0,4,1,0,0,0,17
9,2020,162,2534,3,11,6,37,0,0,2,0,0,1,31,15
11,2020,145,2438,5,7,11,28,0,1,8,0,0,0,22,21
12,2020,68,1949,0,0,4,29,0,0,4,0,0,0,1,16
13,2018,135,2162,0,1,16,12,0,0,6,0,0,0,0,0
14,2019,0,0,0,0,0,0,0,0,0,0,0,0,0,0
15,2020,74,1659,0,4,6,20,0,0,4,0,0,0,6,1
16,2020,49,1378,1,1,2,25,0,0,4,0,0,0,5,7
17,2020,9,351,0,1,0,6,0,0,2,0,0,1,1,0
18,2020,66,1473,0,1,6,26,0,0,3,3,0,0,4,15
19,2020,128,2627,0,0,8,32,0,0,0,0,87,0,0,27
20,2020,133,2551,0,3,11,29,0,0,3,0,0,0,7,26
21,2020,145,2700,0,0,7,41,0,0,0,0,122,0,0,41
22,2020,152,1819,13,3,12,14,0,0,8,1,0,0,25,9
23,2020,33,623,3,0,2,7,0,0,1,0,0,0,3,1
24,2019,89,1692,8,6,8,16,0,0,3,0,0,0,0,0
27,2020,87,2124,0,4,8,30,0,0,5,0,0,0,2,6
28,2020,92,2331,0,1,8,32,0,0,7,0,0,0,0,21
29,2020,68,946,2,1,6,5,0,0,1,0,0,0,6,4
30,2020,113,1873,4,4,7,34,0,0,0,0,0,0,4,15
31,2020,102,2422,2,4,7,43,0,0,4,2,0,0,5,24
32,2020,65,1702,0,1,5,23,0,0,4,0,0,0,1,13
33,2020,126,2001,15,6,5,33,0,0,4,0,0,0,6,0
34,2020,43,757,1,5,0,20,0,0,1,1,0,0,2,0
35,2020,114,1690,7,8,8,17,0,1,5,0,0,0,7,6
36,2020,80,2400,1,1,4,44,0,0,6,0,0,2,1,23
37,2020,123,2277,10,7,7,31,0,0,7,0,0,0,9,8
38,2020,87,1396,4,1,6,19,0,0,2,0,0,0,0,11
39,2020,1,46,0,0,0,1,0,0,1,0,0,0,0,0
40,2020,116,1629,9,5,5,27,0,0,2,0,0,0,9,2
41,2020,62,1694,0,3,4,34,0,0,4,1,0,0,10,6
42,2020,80,2121,2,1,4,45,0,0,6,0,0,0,1,20
43,2020,28,356,2,1,1,6,0,0,1,0,0,0,0,0
44,2018,73,2013,1,2,0,50,0,0,3,0,0,0,0,0
45,2020,50,908,4,1,3,12,0,0,6,0,0,0,3,2
46,2020,94,1699,8,4,5,28,0,0,3,0,0,0,7,1
47,2020,144,2529,3,5,9,29,0,0,3,0,0,0,9,20
48,2019,88,1992,4,3,3,42,0,0,2,0,0,0,0,0
50,2020,61,1509,2,1,4,25,0,0,4,0,0,0,3,6
53,2020,50,705,2,2,3,7,0,0,3,0,0,0,5,4
55,2019,82,2461,2,2,3,47,0,0,6,1,0,1,0,0
56,2018,4,85,0,0,0,2,0,0,0,0,0,0,0,0
58,2020,67,1260,0,0,5,12,0,0,0,0,31,0,0,15
59,2020,134,2271,9,5,7,32,0,0,3,0,0,0,7,8
60,2020,123,1961,8,4,12,19,0,0,6,0,0,0,8,8
61,2020,89,2080,3,1,10,23,0,0,5,0,0,0,2,14
62,2020,89,2038,1,7,8,26,0,0,3,0,0,0,7,3
64,2020,27,939,0,0,1,25,0,0,1,0,0,0,0,2
65,2020,76,1389,0,4,5,21,0,0,0,0,0,0,15,8
66,2019,3,30,0,0,0,0,0,0,0,0,0,0,0,0
68,2020,108,2105,0,5,6,31,0,0,6,0,0,0,14,23
70,2019,0,0,0,0,0,0,0,0,0,0,0,0,0,0
72,2020,77,1938,0,2,5,29,0,0,3,0,0,0,2,13
73,2020,58,1019,0,0,6,10,0,0,2,0,30,0,0,11
74,2020,32,683,0,1,1,12,0,0,0,0,0,0,2,2
75,2020,28,473,1,3,2,7,0,0,0,0,0,0,3,0
76,2018,127,2290,4,4,7,30,0,0,6,0,0,1,0,0
77,2020,64,1330,3,1,3,24,0,1,5,0,0,0,9,5
79,2019,39,990,0,0,2,20,0,0,2,0,39,0,0,0
80,2020,39,612,0,3,1,17,0,0,1,0,0,0,2,0
82,2020,82,2295,0,1,5,38,0,0,1,0,0,1,2,22
83,2020,57,1353,0,1,5,21,0,0,1,0,0,0,3,4
85,2020,147,2453,12,4,6,40,0,0,4,0,0,0,13,5
86,2020,55,1635,1,0,5,23,0,0,8,0,0,0,1,12
87,2020,66,1268,1,0,6,15,0,0,6,0,0,0,0,17
89,2020,70,2010,0,4,8,35,0,0,4,0,0,0,2,1
90,2020,86,1397,5,6,4,19,0,0,1,0,0,0,3,0
91,2020,103,2449,3,0,4,49,0,0,3,1,0,0,1,36
92,2020,80,1440,0,0,8,12,0,0,1,0,38,0,0,14
93,2020,45,1190,0,0,3,19,0,0,4,1,0,0,4,12
94,2020,82,2235,0,2,4,39,0,0,9,0,0,0,10,19
95,2020,124,2272,4,5,10,26,0,0,4,0,0,0,14,14
98,2018,44,945,0,1,4,9,0,0,4,0,0,0,0,0
99,2018,33,722,0,1,1,23,0,0,1,0,0,0,0,0
101,2020,73,1723,4,0,3,32,0,0,3,0,0,0,5,6
102,2020,95,2367,1,0,5,40,0,0,4,0,0,0,0,32
103,2020,81,1556,1,5,7,20,0,0,2,0,0,0,7,7
104,2020,119,2306,6,3,4,41,0,0,8,0,0,1,16,15
105,2020,99,1671,9,3,9,21,0,0,1,0,0,0,5,2
106,2020,27,623,1,1,0,12,0,0,2,0,0,0,0,2
108,2020,112,2331,5,6,7,36,0,0,7,0,0,0,10,4
110,2020,63,1086,5,2,1,23,0,0,0,0,0,0,6,0
112,2020,56,2031,0,0,3,39,0,0,6,0,0,0,1,9
114,2020,56,2565,0,0,3,49,0,0,7,0,0,0,0,11
115,2020,46,573,2,0,1,7,0,0,0,0,0,0,0,9
116,2020,50,1551,0,0,2,30,0,0,4,0,0,0,2,13
117,2020,0,0,0,0,0,0,0,0,0,0,0,0,0,0
119,2020,20,857,1,0,0,18,0,0,1,2,0,0,0,6
120,2020,23,582,0,1,1,11,0,0,2,0,0,0,1,2
122,2020,32,493,1,2,0,11,0,0,2,0,0,0,1,0
124,2020,86,1979,2,2,2,33,0,0,2,0,0,0,12,13
125,2020,2,7,0,0,0,2,0,0,0,0,0,0,0,0
126,2020,64,1175,2,1,5,16,0,1,4,0,0,0,1,2
130,2020,98,2228,2,4,5,36,0,0,4,0,0,0,13,10
131,2020,34,973,0,1,1,19,0,0,1,0,0,0,0,3
134,2020,138,2273,18,3,7,40,0,0,0,0,0,0,3,0
136,2020,23,351,1,1,2,3,0,0,0,0,0,0,0,1
138,2020,33,663,0,1,3,10,0,0,0,0,0,0,3,1
139,2020,13,421,0,0,2,9,0,0,0,0,0,0,0,0
140,2020,12,272,0,0,2,1,0,0,0,0,0,0,0,2
141,2020,2,13,0,0,0,0,0,0,0,0,0,0,0,0
142,2020,2,88,0,0,0,1,0,0,1,0,0,0,0,0
143,2020,11,125,0,0,0,2,0,0,0,0,0,0,0,0
144,2019,0,0,0,0,0,0,0,0,0,0,0,0,0,0
145,2020,110,2148,5,6,6,35,0,0,4,0,0,0,11,3
146,2020,37,629,2,1,3,10,0,0,2,0,0,0,1,2
147,2020,121,2240,0,3,10,24,0,0,1,0,0,1,13,14
150,2020,64,1336,7,0,4,26,0,0,3,0,0,0,1,1
151,2020,3,8,0,0,0,1,0,0,0,0,0,0,0,0
152,2020,27,760,1,0,3,6,0,0,3,1,0,0,0,0
153,2020,83,2349,1,1,9,26,0,0,3,0,0,0,5,10
154,2020,0,0,0,0,0,0,0,0,0,0,0,0,0,0
155,2020,68,1426,0,5,5,24,0,0,1,0,0,0,3,4
156,2020,75,1868,1,0,5,27,0,0,4,0,0,0,0,17
157,2020,38,975,0,1,3,22,0,0,2,0,0,0,1,5
158,2020,131,2438,7,7,4,46,0,0,1,0,0,0,10,6
159,2020,55,776,1,3,3,13,0,0,3,0,0,0,4,4
160,2020,5,90,0,0,0,2,0,0,0,0,9,0,0,1
161,2020,31,780,0,0,1,18,0,0,0,0,0,0,1,1
162,2020,42,862,1,2,6,6,0,0,2,0,0,0,3,3
163,2020,18,495,0,1,4,5,0,0,0,0,0,0,0,0
164,2020,34,824,0,0,2,13,0,0,3,0,0,0,1,9
166,2020,58,1379,1,0,10,16,0,0,5,0,0,0,1,9
169,2020,7,316,0,0,0,8,0,0,0,0,0,0,0,2
170,2020,9,103,0,1,0,2,0,0,0,0,0,0,0,0
172,2020,92,2190,3,0,6,32,0,0,5,0,0,0,0,17
174,2020,57,1784,1,3,2,37,0,0,5,0,0,0,2,4
177,2019,145,2396,13,10,7,32,0,0,4,2,0,0,0,0
178,2020,20,634,0,0,3,10,0,0,1,0,0,0,0,0
181,2020,29,626,1,2,2,8,0,0,2,0,0,0,1,0
182,2020,10,235,0,0,0,5,0,0,1,0,0,0,2,0
184,2020,58,1692,0,0,7,19,0,0,1,0,0,0,0,11
185,2020,67,1983,0,2,5,30,0,0,6,0,0,0,2,5
186,2020,27,585,0,3,2,7,0,0,2,0,0,0,2,2
190,2020,38,426,2,1,3,0,0,0,1,0,0,0,2,1
191,2020,8,150,0,0,0,4,0,0,0,0,0,0,0,1
192,2020,101,1500,8,7,10,15,0,0,3,0,0,0,10,3
194,2020,1,59,0,0,0,2,0,0,0,0,0,0,0,0
195,2020,65,1636,3,0,6,28,0,0,1,0,0,0,0,8
199,2020,1,1,0,0,0,0,0,0,0,0,0,0,0,0
200,2020,0,0,0,0,0,0,0,0,0,0,0,0,0,0
201,2020,0,0,0,0,0,0,0,0,0,0,0,0,0,0
203,2020,0,0,0,0,0,0,0,0,0,0,0,0,0,0
205,2020,2,22,0,0,0,1,0,0,0,0,0,0,0,0
207,2020,59,1080,0,0,5,14,0,0,0,0,38,0,0,9
216,2020,101,2026,1,0,10,24,0,0,3,1,0,0,0,22
217,2020,0,0,0,0,0,0,0,0,0,0,0,0,0,0
224,2020,18,180,1,1,0,4,0,0,0,0,0,0,0,0
226,2020,0,0,0,0,0,0,0,0,0,0,0,0,0,0
227,2020,21,582,0,0,1,8,0,0,1,0,0,0,1,0
231,2020,11,360,0,0,0,5,0,0,0,0,10,0,0,2
232,2020,0,0,0,0,0,0,0,0,0,0,0,0,0,0
241,2020,10,324,0,1,0,7,0,0,1,0,0,0,0,0
245,2020,2,24,0,0,0,2,0,0,0,0,0,0,0,0
246,2020,11,150,0,1,0,2,0,0,0,0,0,0,1,0
249,2020,39,599,2,1,4,6,0,0,1,0,0,0,4,3
255,2019,8,293,0,0,0,5,0,0,0,0,0,0,0,0
259,2019,0,0,0,0,0,0,0,0,0,0,0,0,0,0
263,2019,60,1523,0,0,5,19,0,0,4,0,0,0,0,0
269,2020,0,0,0,0,0,0,0,0,0,0,0,0,0,0
270,2020,82,2050,5,2,6,31,0,0,2,0,0,0,8,1
273,2019,15,946,0,0,0,16,0,0,3,1,0,1,0,0
277,2020,6,15,0,0,0,0,0,0,0,0,0,0,0,0
280,2020,22,420,0,0,0,7,0,0,0,0,24,0,0,8
288,2020,1,1,0,0,0,0,0,0,0,0,0,0,0,0
289,2020,0,0,0,0,0,0,0,0,0,0,0,0,0,0
292,2020,2,2,0,0,0,0,0,0,0,0,0,0,0,0
295,2020,166,2302,7,14,5,40,0,0,2,0,0,0,22,10
297,2020,0,0,0,0,0,0,0,0,0,0,0,0,0,0
298,2019,0,0,0,0,0,0,0,0,0,0,0,0,0,0
300,2020,0,0,0,0,0,0,0,0,0,0,0,0,0,0
306,2018,98,1668,7,4,5,18,0,0,2,0,0,0,0,0
307,2020,43,884,2,1,2,16,0,0,0,0,0,0,3,0
311,2020,123,2700,5,7,3,51,0,0,3,0,0,0,12,8
327,2020,4,27,0,0,0,2,0,0,0,0,0,0,0,0
338,2018,101,1710,0,0,12,8,1,0,1,0,33,0,0,0
339,2019,77,1367,1,1,8,12,0,0,1,0,0,0,0,0
342,2018,78,2430,1,1,1,58,0,0,3,0,0,0,0,0
343,2018,67,1834,0,0,6,27,0,0,1,0,0,0,0,0
344,2019,46,680,0,2,4,4,0,0,0,0,0,0,0,0
351,2018,0,0,0,0,0,0,0,0,0,0,0,0,0,0
355,2019,53,1155,6,0,0,20,0,0,0,0,0,0,0,0
365,2019,0,0,0,0,0,0,0,0,0,0,0,0,0,0
366,2020,42,940,1,0,3,19,0,0,2,0,0,0,0,10
383,2019,57,1350,0,0,2,29,0,0,0,0,48,0,0,0
384,2019,0,0,0,0,0,0,0,0,0,0,0,0,0,0
385,2019,51,1298,0,0,1,20,0,0,1,0,40,0,0,0
390,2019,0,0,0,0,0,0,0,0,0,0,0,0,0,0
396,2019,50,1174,1,2,3,18,0,0,0,0,0,0,0,0
397,2019,49,1010,2,1,6,11,0,0,0,0,0,0,0,0
403,2019,49,1170,4,0,1,19,0,0,1,0,0,0,0,0
406,2020,80,1664,1,2,5,26,0,0,3,0,0,0,5,19
409,2020,39,571,4,1,1,8,0,0,0,0,0,0,1,0
1,2018,46,1250,1,0,3,25,0,0,0,0,0,0,0,0
5,2019,40,936,0,3,3,14,0,0,1,0,0,0,0,0
6,2019,99,2426,2,4,4,51,0,0,6,0,0,0,0,0
8,2018,42,759,1,2,1,11,0,0,1,0,0,0,0,0
11,2019,137,2204,6,8,12,18,0,0,8,0,0,0,0,0
12,2019,0,0,0,0,0,0,0,0,0,0,0,0,0,0
14,2018,41,634,6,1,3,2,0,0,1,1,0,0,0,0
15,2019,155,2407,0,6,15,17,0,0,4,0,0,0,0,0
16,2018,42,877,0,2,4,11,0,0,2,0,0,0,0,0
18,2019,87,2235,1,3,5,36,0,0,12,0,0,0,0,0
19,2019,37,720,0,0,2,10,0,0,1,0,35,0,0,0
20,2019,103,2280,1,2,8,23,0,0,7,1,0,0,0,0
21,2019,131,2700,0,0,4,56,1,0,0,0,118,0,0,0
22,2019,137,1946,9,3,9,14,0,0,6,0,0,0,0,0
24,2018,107,1903,10,6,7,26,0,0,3,0,0,0,0,0
30,2019,59,1580,0,2,4,20,0,0,1,0,0,0,0,0
31,2019,105,2337,4,1,3,42,0,1,0,2,0,0,0,0
34,2019,1,11,0,0,0,0,0,0,1,0,0,0,0,0
35,2019,64,1403,2,3,11,5,0,0,2,0,0,0,0,0
36,2019,67,1945,1,0,4,29,0,0,3,1,0,0,0,0
37,2019,59,1335,6,2,1,26,0,0,8,0,0,0,0,0
39,2019,2,85,0,0,0,3,0,0,1,0,0,0,0,0
40,2019,81,1293,5,4,2,19,0,0,2,0,0,0,0,0
41,2018,14,534,0,1,1,16,0,0,2,0,0,0,0,0
42,2019,55,1544,1,0,5,32,0,0,7,0,0,0,0,0
45,2019,29,229,2,3,0,3,0,0,1,0,0,0,0,0
47,2019,133,2225,0,4,15,13,0,0,5,0,0,0,0,0
48,2018,36,803,2,1,1,17,0,0,1,0,0,0,0,0
50,2019,44,877,0,2,6,7,0,0,0,0,0,0,0,0
53,2019,82,1672,5,3,3,40,0,0,4,0,0,0,0,0
55,2018,115,2480,1,2,8,34,0,0,4,0,0,0,0,0
58,2019,145,2565,0,0,15,16,0,0,1,0,62,0,0,0
59,2019,32,590,2,1,2,6,0,0,1,0,0,0,0,0
60,2019,10,66,0,1,0,5,0,0,0,0,0,0,0,0
61,2019,71,1612,2,2,4,21,0,0,3,0,0,0,0,0
62,2019,68,1352,1,3,7,8,0,0,1,1,0,0,0,0
64,2019,13,398,0,0,0,10,0,0,0,0,0,0,0,0
65,2019,148,2214,4,11,6,30,0,0,3,0,0,0,0,0
66,2018,0,0,0,0,0,0,0,0,0,0,0,0,0,0
73,2019,151,2610,0,0,11,28,3,0,3,0,83,0,0,0
74,2019,39,1187,1,0,4,22,0,0,0,0,0,0,0,0
75,2019,69,1692,6,1,12,11,0,2,0,0,0,0,0,0
77,2019,97,2006,4,5,7,22,0,0,3,0,0,0,0,0
79,2018,0,0,0,0,0,0,0,0,0,0,0,0,0,0
80,2019,0,0,0,0,0,0,0,0,0,0,0,0,0,0
82,2019,82,2346,1,0,4,41,0,0,1,0,0,0,0,0
83,2019,96,2273,0,7,5,33,0,0,4,1,0,0,0,0
85,2018,136,2417,5,9,5,35,0,2,1,0,0,0,0,0
87,2019,36,608,0,0,3,2,0,0,1,0,0,0,0,0
89,2019,0,0,0,0,0,0,0,0,0,0,0,0,0,0
90,2019,144,2172,9,6,15,10,0,0,4,0,0,0,0,0
91,2019,91,2098,1,2,7,46,0,0,5,0,0,1,0,0
92,2019,10,270,0,0,0,4,0,0,0,0,8,0,0,0
93,2019,106,2132,0,5,7,27,0,0,3,0,0,0,0,0
94,2019,101,2225,2,6,5,33,0,0,6,1,0,0,0,0
95,2019,97,2132,2,6,5,35,0,0,3,1,0,0,0,0
103,2019,25,450,0,1,2,7,0,0,0,0,0,0,0,0
104,2019,76,1911,1,3,5,37,0,0,6,0,0,0,0,0
105,2019,65,1087,4,3,7,11,0,0,2,0,0,0,0,0
110,2019,78,2064,1,5,3,38,0,0,3,0,0,0,0,0
112,2019,0,0,0,0,0,0,0,0,0,0,0,0,0,0
114,2019,98,2606,1,1,8,49,0,0,5,1,0,0,0,0
115,2019,39,569,1,0,3,7,0,0,1,0,0,0,0,0
119,2019,61,1061,2,1,4,12,0,0,1,0,0,0,0,0
120,2019,0,0,0,0,0,0,0,0,0,0,0,0,0,0
124,2019,76,1642,2,4,8,17,0,0,1,0,0,0,0,0
126,2018,80,1568,2,1,7,30,0,0,3,0,0,0,0,0
134,2019,103,1986,10,3,14,16,0,0,2,0,0,0,0,0
138,2019,34,686,1,1,5,7,0,0,2,0,0,0,0,0
139,2019,7,172,0,0,1,3,0,0,1,0,0,0,0,0
140,2019,72,1315,2,0,5,16,0,0,3,0,0,0,0,0
141,2019,0,0,0,0,0,0,0,0,0,0,0,0,0,0
142,2019,47,586,1,0,6,3,0,0,1,0,0,0,0,0
143,2019,55,1541,2,1,1,24,0,1,0,0,0,0,0,0
144,2018,0,0,0,0,0,0,0,0,0,0,0,0,0,0
147,2019,49,787,0,1,6,2,0,0,2,0,0,0,0,0
150,2019,31,637,1,1,2,16,0,0,0,0,0,0,0,0
152,2019,60,1731,0,1,8,20,0,0,4,0,0,0,0,0
153,2019,89,1936,2,3,8,19,0,0,6,0,0,0,0,0
155,2019,7,185,0,0,0,4,0,0,0,0,0,0,0,0
157,2019,19,639,0,0,1,12,0,0,0,0,0,0,0,0
158,2018,52,1035,2,2,1,26,0,0,2,0,0,0,0,0
160,2019,0,0,0,0,0,0,0,0,0,0,0,0,0,0
162,2019,102,1728,8,4,2,32,0,0,2,0,0,0,0,0
166,2019,91,2379,0,2,15,17,0,0,2,1,0,0,0,0
169,2019,0,0,0,0,0,0,0,0,0,0,0,0,0,0
174,2019,94,2504,2,0,8,45,0,0,2,0,0,0,0,0
177,2018,126,2096,13,8,8,27,0,0,6,0,0,0,0,0
178,2019,0,0,0,0,0,0,0,0,0,0,0,0,0,0
182,2019,1,2,0,0,0,0,0,0,0,0,0,0,0,0
184,2019,80,2280,0,1,14,15,0,0,5,0,0,0,0,0
185,2019,80,2215,1,4,3,45,0,0,3,0,0,0,0,0
186,2019,36,519,1,3,2,3,0,0,1,0,0,0,0,0
190,2019,9,173,0,0,1,2,0,0,2,0,0,0,0,0
191,2019,16,240,0,1,1,1,0,0,0,0,0,0,0,0
207,2019,113,1800,0,0,12,10,1,0,1,0,40,0,0,0
216,2019,118,2476,0,0,11,24,0,0,1,0,0,0,0,0
231,2019,44,1080,0,0,1,16,0,0,1,1,48,0,0,0
241,2019,22,286,0,0,3,0,0,0,0,0,0,0,0,0
255,2018,13,210,0,0,1,2,0,0,1,0,0,0,0,0
259,2018,0,0,0,0,0,0,0,0,0,0,0,0,0,0
263,2018,10,205,0,0,1,4,0,0,0,0,0,0,0,0
270,2019,60,1072,4,4,4,12,0,0,1,0,0,0,0,0
273,2018,9,180,0,0,1,2,0,0,1,0,0,0,0,0
280,2019,0,0,0,0,0,0,0,0,0,0,0,0,0,0
295,2019,123,1670,6,9,10,15,0,0,1,0,0,0,0,0
297,2019,0,0,0,0,0,0,0,0,0,0,0,0,0,0
300,2019,0,0,0,0,0,0,0,0,0,0,0,0,0,0
307,2019,0,0,0,0,0,0,0,0,0,0,0,0,0,0
311,2019,71,1575,1,2,6,30,0,0,4,1,0,0,0,0
339,2018,103,1501,2,3,9,11,0,0,2,0,0,0,0,0
344,2018,14,189,0,1,1,1,0,0,0,0,0,0,0,0
355,2018,144,2359,17,6,7,31,0,0,1,0,0,0,0,0
397,2018,84,1256,6,6,6,11,0,0,2,0,0,0,0,0
11,2018,74,1080,2,5,7,5,0,0,2,1,0,0,0,0
18,2018,85,2419,1,1,6,50,0,0,3,0,0,0,0,0
19,2018,0,0,0,0,0,0,0,0,0,0,0,0,0,0
20,2018,73,1430,0,3,6,12,0,0,2,0,0,0,0,0
21,2018,108,2520,0,0,5,39,0,0,0,0,78,0,0,0
22,2018,86,910,2,8,6,7,0,0,1,0,0,0,0,0
31,2018,111,2430,5,2,6,32,0,1,4,0,0,0,0,0
36,2018,71,1386,2,1,5,15,0,0,3,0,0,0,0,0
37,2018,43,1054,3,2,4,15,0,0,3,0,0,0,0,0
45,2018,41,621,3,2,5,6,0,0,2,0,0,0,0,0
47,2018,127,1778,2,7,9,17,0,0,4,0,0,0,0,0
50,2018,1,4,0,0,0,0,0,0,0,0,0,0,0,0
58,2018,107,2025,0,0,9,22,1,0,2,0,48,0,0,0
59,2018,6,231,0,0,0,6,0,0,1,1,0,0,0,0
60,2018,11,233,0,1,0,3,0,0,1,0,0,0,0,0
61,2018,30,844,0,0,5,3,0,0,2,0,0,0,0,0
62,2018,87,1704,2,7,5,25,0,0,1,0,0,0,0,0
73,2018,139,2340,0,0,10,24,1,0,0,0,77,1,0,0
74,2018,25,988,0,0,4,18,0,0,0,0,0,0,0,0
75,2018,68,1101,8,3,8,8,0,0,0,0,0,0,0,0
77,2018,110,1629,3,14,5,26,0,0,2,0,0,0,0,0
80,2018,0,0,0,0,0,0,0,0,0,0,0,0,0,0
82,2018,90,2340,0,0,6,30,0,0,2,0,0,0,0,0
83,2018,80,1503,0,4,5,22,0,0,0,0,0,0,0,0
87,2018,85,2119,0,0,9,24,0,0,4,1,0,0,0,0
89,2018,0,0,0,0,0,0,0,0,0,0,0,0,0,0
90,2018,137,2041,10,5,8,25,0,0,2,0,0,0,0,0
92,2018,47,810,0,0,5,7,0,0,1,0,17,0,0,0
93,2018,87,1610,2,1,8,18,0,0,1,0,0,0,0,0
94,2018,82,1978,1,1,7,24,0,0,8,0,0,0,0,0
95,2018,54,1464,0,0,3,24,0,0,4,0,0,0,0,0
104,2018,0,0,0,0,0,0,0,0,0,0,0,0,0,0
105,2018,91,1662,8,6,8,19,0,0,4,0,0,0,0,0
112,2018,9,376,0,0,0,8,0,0,3,0,0,0,0,0
114,2018,49,2020,0,0,3,44,0,0,4,0,0,1,0,0
115,2018,52,976,1,0,3,12,0,0,0,0,0,0,0,0
124,2018,115,2278,5,4,11,20,0,0,5,0,0,0,0,0
138,2018,2,26,0,0,0,0,0,0,0,0,0,0,0,0
140,2018,31,790,0,0,2,13,0,0,2,0,0,0,0,0
141,2018,6,7,1,0,0,0,0,0,0,0,0,0,0,0
142,2018,43,765,1,2,2,9,0,0,1,0,0,0,0,0
143,2018,104,1939,7,4,6,24,0,1,0,0,0,0,0,0
152,2018,87,2089,4,1,9,22,0,0,7,0,0,0,0,0
153,2018,76,2048,1,1,8,22,0,0,5,0,0,0,0,0
155,2018,17,342,1,0,0,6,0,0,0,0,0,0,0,0
157,2018,63,1402,2,0,6,19,0,0,6,0,0,0,0,0
162,2018,99,2319,6,2,4,37,0,0,4,0,0,1,0,0
166,2018,75,2106,0,0,15,14,0,0,2,1,0,0,0,0
169,2018,17,720,0,0,1,13,0,0,2,0,0,0,0,0
174,2018,36,1556,0,0,2,35,0,0,3,0,0,0,0,0
184,2018,75,2159,0,0,10,26,0,0,3,0,0,0,0,0
186,2018,153,1827,12,7,12,20,0,0,1,0,0,0,0,0
190,2018,0,0,0,0,0,0,0,0,0,0,0,0,0,0
207,2018,33,541,0,0,3,3,0,0,0,0,13,0,0,0
216,2018,145,2486,0,0,17,13,0,0,2,0,0,1,0,0
231,2018,24,450,0,0,2,7,0,0,0,0,14,0,0,0
241,2018,69,1047,0,3,6,9,0,0,1,0,0,0,0,0
270,2018,28,635,1,0,3,13,0,0,0,0,0,0,0,0
280,2018,11,180,0,0,1,1,0,0,0,0,3,0,0,0
297,2018,0,0,0,0,0,0,0,0,0,0,0,0,0,0
307,2018,0,0,0,0,0,0,0,0,0,0,0,0,0,0
311,2018,22,735,0,1,1,21,0,0,2,1,0,0,0,0
